[
{
    "model": "sessions.session",
    "pk": "esmk9f9611rap25uy04d0mivexry66vj",
    "fields": {
        "session_data": ".eJxVjMEOwiAQRP-FsyGUBd169N5vILuwSNXQpLQn47_bJj3ocea9mbcKtC4lrE3mMCZ1VVadfjum-JS6g_Sgep90nOoyj6x3RR-06WFK8rod7t9BoVa2dSfICS33xmVmD7bPApe8RXb-jCwkgJEMeAeQPeZOIpIhYUDPGNXnC_DxOGc:1wY31E:a6h7woOUxDwFm_Bq846-u3i8ry1I-c9NL0QrXY__HTQ",
        "expire_date": "2026-06-26T14:38:00.509Z"
    }
},
{
    "model": "sessions.session",
    "pk": "kvf3qj2xc31yg8ss1g039gtsib1wv66n",
    "fields": {
        "session_data": ".eJxVjMEOwiAQRP-FsyGUBd169N5vILuwSNXQpLQn47_bJj3ocea9mbcKtC4lrE3mMCZ1VVadfjum-JS6g_Sgep90nOoyj6x3RR-06WFK8rod7t9BoVa2dSfICS33xmVmD7bPApe8RXb-jCwkgJEMeAeQPeZOIpIhYUDPGNXnC_DxOGc:1wBhje:nJthHLp5esCPle_8ELJs67JY1lvGf0fcZUw22P6h-rU",
        "expire_date": "2026-04-25T23:27:30.120Z"
    }
},
{
    "model": "sessions.session",
    "pk": "q80hsnhh1uc56h54qd5y9j8v1b9bw90y",
    "fields": {
        "session_data": ".eJxVjEEOwiAQRe_C2hBgpIBL9z0DmWEYWzVtUtqV8e7apAvd_vfef6mM2zrkrdUlj6wuCtTpdyMsjzrtgO843WZd5mldRtK7og_adD9zfV4P9-9gwDZ8667Uc3AerXNWrPjkrYEkBMkIiekSVYmxAJE3BYTRcHKOgSBY5BjU-wPbrTf6:1wSviK:IHLUWCBnTJhShRFOOCcyMNvedt6lPRu9QWiwvV1oIBM",
        "expire_date": "2026-06-12T11:49:20.810Z"
    }
},
{
    "model": "sessions.session",
    "pk": "xworncx028l91orwfqanwq8e8rqe9quc",
    "fields": {
        "session_data": ".eJxVjMEOwiAQRP-FsyGUBd169N5vILuwSNXQpLQn47_bJj3ocea9mbcKtC4lrE3mMCZ1VVadfjum-JS6g_Sgep90nOoyj6x3RR-06WFK8rod7t9BoVa2dSfICS33xmVmD7bPApe8RXb-jCwkgJEMeAeQPeZOIpIhYUDPGNXnC_DxOGc:1wBPjR:ELsHKS5g2go4m1zdL6hU1UXFA7NR6e79wR4bKeiHXQc",
        "expire_date": "2026-04-25T04:14:05.533Z"
    }
},
{
    "model": "sessions.session",
    "pk": "y6z1z5xeuq6h454wnlo1psqk1cqxf8lf",
    "fields": {
        "session_data": ".eJxVjEEOwiAQRe_C2hBgpIBL9z0DmWEYWzVtUtqV8e7apAvd_vfef6mM2zrkrdUlj6wuCtTpdyMsjzrtgO843WZd5mldRtK7og_adD9zfV4P9-9gwDZ8667Uc3AerXNWrPjkrYEkBMkIiekSVYmxAJE3BYTRcHKOgSBY5BjU-wPbrTf6:1wYtLT:nvOJIwWuDzC9lsp_MCMO1rVx9CCdyYkaTc0XtAvV6Ns",
        "expire_date": "2026-06-28T22:30:23.813Z"
    }
},
{
    "model": "authentication.user",
    "fields": {
        "password": "!eia9STZjuSHimn3vd9HivuaMO49Ff7p2Qi1GmC52",
        "last_login": null,
        "is_superuser": false,
        "email": "guyasong1@gmail.com",
        "username": "asong",
        "full_name": "Code Guru",
        "phone_number": null,
        "google_uid": "qEWL7bpzTGckriaVQkoZb1DMawv1",
        "profile_picture": "",
        "kyc_document": "",
        "kyc_status": "verified",
        "is_verified": false,
        "referral_bonus": "1000.00",
        "is_active": true,
        "is_staff": false,
        "date_joined": "2026-04-11T04:05:52Z",
        "groups": [],
        "user_permissions": []
    }
},
{
    "model": "authentication.user",
    "fields": {
        "password": "pbkdf2_sha256$1200000$JEv6wPRnVwJrODpnTqoBXm$w6Y1WywhUskVWIGxMHB3zPnrnGnxMdfLUFlJtJgtQxQ=",
        "last_login": "2026-06-12T14:38:00.504Z",
        "is_superuser": true,
        "email": "guyasong2@gmail.com",
        "username": "Guy Asong",
        "full_name": "Guy Asong",
        "phone_number": null,
        "google_uid": "gYzOAwzXqVPKaqBpuladq8WVYAt1",
        "profile_picture": "",
        "kyc_document": "",
        "kyc_status": "unverified",
        "is_verified": false,
        "referral_bonus": "0.00",
        "is_active": true,
        "is_staff": true,
        "date_joined": "2026-04-11T04:09:38.617Z",
        "groups": [],
        "user_permissions": []
    }
},
{
    "model": "authentication.user",
    "fields": {
        "password": "pbkdf2_sha256$1200000$9L8diBv3XeoBeBrPVu8Hjd$UPEuHSIP9xyRFNJF9FLNNxPe12jRlRh05oMLSguLp/Y=",
        "last_login": "2026-06-14T22:30:23.809Z",
        "is_superuser": true,
        "email": "guyasong3@gmail.com",
        "username": "",
        "full_name": "",
        "phone_number": null,
        "google_uid": null,
        "profile_picture": "",
        "kyc_document": "",
        "kyc_status": "unverified",
        "is_verified": false,
        "referral_bonus": "0.00",
        "is_active": true,
        "is_staff": true,
        "date_joined": "2026-05-29T11:48:41.162Z",
        "groups": [],
        "user_permissions": []
    }
},
{
    "model": "authentication.user",
    "fields": {
        "password": "!ikaF6yqMDj7qwFBBnDVvwnGPuyNdaV9uRowUks8p",
        "last_login": null,
        "is_superuser": false,
        "email": "jamesdavid@gmail.com",
        "username": "James David",
        "full_name": "James David",
        "phone_number": null,
        "google_uid": null,
        "profile_picture": "",
        "kyc_document": "",
        "kyc_status": "unverified",
        "is_verified": false,
        "referral_bonus": "0.00",
        "is_active": true,
        "is_staff": false,
        "date_joined": "2026-06-12T23:38:02.805Z",
        "groups": [],
        "user_permissions": []
    }
},
{
    "model": "authentication.user",
    "fields": {
        "password": "!UeWZrM2EytSCorgEfAdJjIzXHtXI9bM1J1OOyEiJ",
        "last_login": null,
        "is_superuser": false,
        "email": "manatute588@gmail.com",
        "username": "mana tute",
        "full_name": "mana tute",
        "phone_number": null,
        "google_uid": null,
        "profile_picture": "",
        "kyc_document": "",
        "kyc_status": "unverified",
        "is_verified": false,
        "referral_bonus": "0.00",
        "is_active": true,
        "is_staff": false,
        "date_joined": "2026-06-12T23:48:05.341Z",
        "groups": [],
        "user_permissions": []
    }
},
{
    "model": "authentication.user",
    "fields": {
        "password": "pbkdf2_sha256$1200000$V8y4w3Ovs5zDKvcgxEDZcg$nL/OYvohE3FSuK/hUgskGW5hvl9Fmgqxklye4Fm8eXw=",
        "last_login": null,
        "is_superuser": false,
        "email": "guyasong5@gmail.com",
        "username": "Guy Asong_1",
        "full_name": "Guy Asong",
        "phone_number": "+237683140781",
        "google_uid": null,
        "profile_picture": "",
        "kyc_document": "",
        "kyc_status": "unverified",
        "is_verified": false,
        "referral_bonus": "0.00",
        "is_active": true,
        "is_staff": false,
        "date_joined": "2026-06-13T01:00:24.988Z",
        "groups": [],
        "user_permissions": []
    }
},
{
    "model": "authentication.user",
    "fields": {
        "password": "pbkdf2_sha256$1200000$qEPCN3B598d88M34tJnmry$pELuROgQA190uNG+4AeFpPNLwjKjHIZJcffAndlx4HY=",
        "last_login": null,
        "is_superuser": false,
        "email": "test@gmail.com",
        "username": "Test",
        "full_name": "Test",
        "phone_number": "+237681492481",
        "google_uid": null,
        "profile_picture": "",
        "kyc_document": "",
        "kyc_status": "unverified",
        "is_verified": false,
        "referral_bonus": "0.00",
        "is_active": true,
        "is_staff": false,
        "date_joined": "2026-06-13T09:40:39.130Z",
        "groups": [],
        "user_permissions": []
    }
},
{
    "model": "groups.njangigroup",
    "pk": 1,
    "fields": {
        "name": "The Hunter",
        "contribution_amount": "5000.00",
        "cycle_length": 12,
        "frequency": "MONTHLY",
        "is_private": false,
        "invite_code": "NJANGI-HPZ6FPU9",
        "admin": null,
        "description": "",
        "rules": "",
        "current_cycle_number": 1,
        "created_at": "2026-04-11T04:38:46.644Z"
    }
},
{
    "model": "groups.njangigroup",
    "pk": 2,
    "fields": {
        "name": "Market women",
        "contribution_amount": "20000.00",
        "cycle_length": 35,
        "frequency": "MONTHLY",
        "is_private": false,
        "invite_code": "NJANGI-KNSPXYFJ",
        "admin": [
            "guyasong1@gmail.com"
        ],
        "description": "",
        "rules": "",
        "current_cycle_number": 1,
        "created_at": "2026-04-11T21:05:07.713Z"
    }
},
{
    "model": "groups.njangigroup",
    "pk": 3,
    "fields": {
        "name": "Molyko",
        "contribution_amount": "2500.00",
        "cycle_length": 10,
        "frequency": "WEEKLY",
        "is_private": true,
        "invite_code": "NJANGI-9BHUUPAJ",
        "admin": [
            "guyasong1@gmail.com"
        ],
        "description": "",
        "rules": "",
        "current_cycle_number": 1,
        "created_at": "2026-04-11T23:24:14.391Z"
    }
},
{
    "model": "groups.njangigroup",
    "pk": 4,
    "fields": {
        "name": "The Peacemakers",
        "contribution_amount": "5000.00",
        "cycle_length": 12,
        "frequency": "MONTHLY",
        "is_private": false,
        "invite_code": "NJANGI-MTLLOBGW",
        "admin": [
            "guyasong5@gmail.com"
        ],
        "description": "",
        "rules": "",
        "current_cycle_number": 1,
        "created_at": "2026-06-13T01:02:58.122Z"
    }
},
{
    "model": "groups.grouppool",
    "pk": 1,
    "fields": {
        "group": 2,
        "balance": "0.00"
    }
},
{
    "model": "groups.grouppool",
    "pk": 2,
    "fields": {
        "group": 3,
        "balance": "0.00"
    }
},
{
    "model": "groups.grouppool",
    "pk": 3,
    "fields": {
        "group": 4,
        "balance": "0.00"
    }
},
{
    "model": "groups.membership",
    "pk": 1,
    "fields": {
        "group": 1,
        "user": [
            "guyasong1@gmail.com"
        ],
        "payout_order": 1,
        "role": "MEMBER",
        "status": "ACTIVE",
        "cycle_start_index": 1,
        "join_date": "2026-04-11T04:38:46.648Z"
    }
},
{
    "model": "groups.membership",
    "pk": 2,
    "fields": {
        "group": 2,
        "user": [
            "guyasong1@gmail.com"
        ],
        "payout_order": 1,
        "role": "MEMBER",
        "status": "ACTIVE",
        "cycle_start_index": 1,
        "join_date": "2026-04-11T21:05:07.726Z"
    }
},
{
    "model": "groups.membership",
    "pk": 3,
    "fields": {
        "group": 3,
        "user": [
            "guyasong1@gmail.com"
        ],
        "payout_order": 1,
        "role": "MEMBER",
        "status": "ACTIVE",
        "cycle_start_index": 1,
        "join_date": "2026-04-11T23:24:14.393Z"
    }
},
{
    "model": "groups.membership",
    "pk": 4,
    "fields": {
        "group": 2,
        "user": [
            "guyasong2@gmail.com"
        ],
        "payout_order": 2,
        "role": "MEMBER",
        "status": "PENDING_NEXT_CYCLE",
        "cycle_start_index": 2,
        "join_date": "2026-05-29T11:51:36.870Z"
    }
},
{
    "model": "groups.membership",
    "pk": 5,
    "fields": {
        "group": 1,
        "user": [
            "guyasong5@gmail.com"
        ],
        "payout_order": 2,
        "role": "MEMBER",
        "status": "PENDING_NEXT_CYCLE",
        "cycle_start_index": 2,
        "join_date": "2026-06-13T01:02:15.491Z"
    }
},
{
    "model": "groups.membership",
    "pk": 6,
    "fields": {
        "group": 4,
        "user": [
            "guyasong5@gmail.com"
        ],
        "payout_order": 1,
        "role": "MEMBER",
        "status": "ACTIVE",
        "cycle_start_index": 1,
        "join_date": "2026-06-13T01:02:58.123Z"
    }
},
{
    "model": "groups.contribution",
    "pk": 1,
    "fields": {
        "membership": 1,
        "amount": "5000.00",
        "date_paid": "2026-06-14T22:50:01.941Z",
        "is_late": false,
        "cycle_number": 1,
        "payment_method": "MOMO",
        "is_verified": false
    }
},
{
    "model": "groups.contribution",
    "pk": 2,
    "fields": {
        "membership": 2,
        "amount": "20000.00",
        "date_paid": "2026-06-14T22:50:27.670Z",
        "is_late": false,
        "cycle_number": 1,
        "payment_method": "MOMO",
        "is_verified": false
    }
},
{
    "model": "groups.contribution",
    "pk": 3,
    "fields": {
        "membership": 3,
        "amount": "2500.00",
        "date_paid": "2026-06-14T22:50:37.045Z",
        "is_late": false,
        "cycle_number": 1,
        "payment_method": "MOMO",
        "is_verified": false
    }
},
{
    "model": "wallet.wallet",
    "pk": 1,
    "fields": {
        "user": [
            "guyasong1@gmail.com"
        ],
        "created_at": "2026-04-11T04:29:26.048Z"
    }
},
{
    "model": "wallet.wallet",
    "pk": 2,
    "fields": {
        "user": [
            "guyasong2@gmail.com"
        ],
        "created_at": "2026-04-11T04:37:25.438Z"
    }
},
{
    "model": "wallet.wallet",
    "pk": 3,
    "fields": {
        "user": [
            "guyasong3@gmail.com"
        ],
        "created_at": "2026-05-29T11:48:41.417Z"
    }
},
{
    "model": "wallet.wallet",
    "pk": 4,
    "fields": {
        "user": [
            "jamesdavid@gmail.com"
        ],
        "created_at": "2026-06-12T23:38:02.809Z"
    }
},
{
    "model": "wallet.wallet",
    "pk": 5,
    "fields": {
        "user": [
            "manatute588@gmail.com"
        ],
        "created_at": "2026-06-12T23:48:05.353Z"
    }
},
{
    "model": "wallet.wallet",
    "pk": 6,
    "fields": {
        "user": [
            "guyasong5@gmail.com"
        ],
        "created_at": "2026-06-13T01:00:25.234Z"
    }
},
{
    "model": "wallet.wallet",
    "pk": 7,
    "fields": {
        "user": [
            "test@gmail.com"
        ],
        "created_at": "2026-06-13T09:40:39.417Z"
    }
},
{
    "model": "wallet.transaction",
    "pk": 1,
    "fields": {
        "wallet": 1,
        "amount": "1000000.00",
        "transaction_type": "DEPOSIT",
        "timestamp": "2026-05-29T23:49:37.019Z",
        "description": "Deposit"
    }
},
{
    "model": "wallet.transaction",
    "pk": 2,
    "fields": {
        "wallet": 1,
        "amount": "10000.00",
        "transaction_type": "DEPOSIT",
        "timestamp": "2026-06-12T23:22:23.730Z",
        "description": "Deposit via MTN"
    }
},
{
    "model": "wallet.transaction",
    "pk": 3,
    "fields": {
        "wallet": 1,
        "amount": "25000.00",
        "transaction_type": "DEPOSIT",
        "timestamp": "2026-06-12T23:22:35.646Z",
        "description": "Deposit via MTN"
    }
},
{
    "model": "wallet.transaction",
    "pk": 4,
    "fields": {
        "wallet": 6,
        "amount": "25000.00",
        "transaction_type": "DEPOSIT",
        "timestamp": "2026-06-13T01:00:55.032Z",
        "description": "Deposit via MTN"
    }
},
{
    "model": "wallet.transaction",
    "pk": 5,
    "fields": {
        "wallet": 2,
        "amount": "5000.00",
        "transaction_type": "DEPOSIT",
        "timestamp": "2026-06-14T19:43:35.117Z",
        "description": "Deposit via MTN"
    }
},
{
    "model": "token_blacklist.outstandingtoken",
    "pk": 1,
    "fields": {
        "user": [
            "guyasong1@gmail.com"
        ],
        "jti": "e105cd84ecde421d9c838a6685dc18a1",
        "token": "eyJhbGciOiJIUzI1NiIsInR5cCI6IkpXVCJ9.eyJ0b2tlbl90eXBlIjoicmVmcmVzaCIsImV4cCI6MTc3NjAzNTMyNywiaWF0IjoxNzc1OTQ4OTI3LCJqdGkiOiJlMTA1Y2Q4NGVjZGU0MjFkOWM4MzhhNjY4NWRjMThhMSIsInVzZXJfaWQiOiIxIn0.Jb_wYlUfdG7t0bdofZS3sncVKI5krpj1I9ih6yPQgDQ",
        "created_at": "2026-04-11T23:08:47.829Z",
        "expires_at": "2026-04-12T23:08:47Z"
    }
},
{
    "model": "token_blacklist.outstandingtoken",
    "pk": 2,
    "fields": {
        "user": [
            "guyasong1@gmail.com"
        ],
        "jti": "b1baa37e7cd44082811de32604904fb3",
        "token": "eyJhbGciOiJIUzI1NiIsInR5cCI6IkpXVCJ9.eyJ0b2tlbl90eXBlIjoicmVmcmVzaCIsImV4cCI6MTc3NjAzNTQ3MiwiaWF0IjoxNzc1OTQ5MDcyLCJqdGkiOiJiMWJhYTM3ZTdjZDQ0MDgyODExZGUzMjYwNDkwNGZiMyIsInVzZXJfaWQiOiIxIn0.xmcGYAEJBgIyDH_sFW8z3bVljBMuYmkOVLXXhzUHAxg",
        "created_at": "2026-04-11T23:11:12.029Z",
        "expires_at": "2026-04-12T23:11:12Z"
    }
},
{
    "model": "token_blacklist.outstandingtoken",
    "pk": 3,
    "fields": {
        "user": [
            "guyasong1@gmail.com"
        ],
        "jti": "98a22eacf23144ffa4f6d4f7becc12dd",
        "token": "eyJhbGciOiJIUzI1NiIsInR5cCI6IkpXVCJ9.eyJ0b2tlbl90eXBlIjoicmVmcmVzaCIsImV4cCI6MTc3NjAzNTUwOSwiaWF0IjoxNzc1OTQ5MTA5LCJqdGkiOiI5OGEyMmVhY2YyMzE0NGZmYTRmNmQ0ZjdiZWNjMTJkZCIsInVzZXJfaWQiOiIxIn0.G-Hrkwk0WiXkFiuX00gJbZVwL01UyMD8cWrgxETH7KM",
        "created_at": "2026-04-11T23:11:49.214Z",
        "expires_at": "2026-04-12T23:11:49Z"
    }
},
{
    "model": "token_blacklist.outstandingtoken",
    "pk": 4,
    "fields": {
        "user": [
            "guyasong1@gmail.com"
        ],
        "jti": "fa6b38238d1e4a388c63b0bee72823d6",
        "token": "eyJhbGciOiJIUzI1NiIsInR5cCI6IkpXVCJ9.eyJ0b2tlbl90eXBlIjoicmVmcmVzaCIsImV4cCI6MTc3NjAzNjA2MywiaWF0IjoxNzc1OTQ5NjYzLCJqdGkiOiJmYTZiMzgyMzhkMWU0YTM4OGM2M2IwYmVlNzI4MjNkNiIsInVzZXJfaWQiOiIxIn0.LDOLEOuc1coWVA19OirM5X7jiD_yXV7usUK2GwigA8U",
        "created_at": "2026-04-11T23:21:03.779Z",
        "expires_at": "2026-04-12T23:21:03Z"
    }
},
{
    "model": "token_blacklist.outstandingtoken",
    "pk": 5,
    "fields": {
        "user": [
            "guyasong1@gmail.com"
        ],
        "jti": "20ce5ac252ab475fb3e3f27f248f40ec",
        "token": "eyJhbGciOiJIUzI1NiIsInR5cCI6IkpXVCJ9.eyJ0b2tlbl90eXBlIjoicmVmcmVzaCIsImV4cCI6MTc3NjAzNjMzNiwiaWF0IjoxNzc1OTQ5OTM2LCJqdGkiOiIyMGNlNWFjMjUyYWI0NzVmYjNlM2YyN2YyNDhmNDBlYyIsInVzZXJfaWQiOiIxIn0._FhIS3jmZSqCDTQliCK0QLw2XbNLA4vpwsZw4MD3_yw",
        "created_at": "2026-04-11T23:25:36.132Z",
        "expires_at": "2026-04-12T23:25:36Z"
    }
},
{
    "model": "token_blacklist.outstandingtoken",
    "pk": 6,
    "fields": {
        "user": [
            "guyasong2@gmail.com"
        ],
        "jti": "5b4ce4ce9ee8420991b1e1897b376f88",
        "token": "eyJhbGciOiJIUzI1NiIsInR5cCI6IkpXVCJ9.eyJ0b2tlbl90eXBlIjoicmVmcmVzaCIsImV4cCI6MTc3NjAzNjM1OCwiaWF0IjoxNzc1OTQ5OTU4LCJqdGkiOiI1YjRjZTRjZTllZTg0MjA5OTFiMWUxODk3YjM3NmY4OCIsInVzZXJfaWQiOiIyIn0.RvItQFJONRzDThR2s_pIGIWRapCK6PCo5H1efML1A7s",
        "created_at": "2026-04-11T23:25:58.224Z",
        "expires_at": "2026-04-12T23:25:58Z"
    }
},
{
    "model": "token_blacklist.outstandingtoken",
    "pk": 7,
    "fields": {
        "user": [
            "guyasong2@gmail.com"
        ],
        "jti": "03b32c23d4ca49e1b474fd5ee0a2d2d3",
        "token": "eyJhbGciOiJIUzI1NiIsInR5cCI6IkpXVCJ9.eyJ0b2tlbl90eXBlIjoicmVmcmVzaCIsImV4cCI6MTc3NjAzNzI1NSwiaWF0IjoxNzc1OTUwODU1LCJqdGkiOiIwM2IzMmMyM2Q0Y2E0OWUxYjQ3NGZkNWVlMGEyZDJkMyIsInVzZXJfaWQiOiIyIn0.kVq4dUrNeQ40DTvty0-gPr9oy6Ej9sAVK_8aIMs0izo",
        "created_at": "2026-04-11T23:40:55.653Z",
        "expires_at": "2026-04-12T23:40:55Z"
    }
},
{
    "model": "token_blacklist.outstandingtoken",
    "pk": 8,
    "fields": {
        "user": [
            "guyasong2@gmail.com"
        ],
        "jti": "1da4ff185009445f8c899e84bc090589",
        "token": "eyJhbGciOiJIUzI1NiIsInR5cCI6IkpXVCJ9.eyJ0b2tlbl90eXBlIjoicmVmcmVzaCIsImV4cCI6MTc3NjAzODA0OSwiaWF0IjoxNzc1OTUxNjQ5LCJqdGkiOiIxZGE0ZmYxODUwMDk0NDVmOGM4OTllODRiYzA5MDU4OSIsInVzZXJfaWQiOiIyIn0.axSnBAl7cTLoF-mLLXVzfWo_xQGcIJDNzgJDCi8QnIk",
        "created_at": "2026-04-11T23:54:09.057Z",
        "expires_at": "2026-04-12T23:54:09Z"
    }
},
{
    "model": "token_blacklist.outstandingtoken",
    "pk": 9,
    "fields": {
        "user": [
            "guyasong2@gmail.com"
        ],
        "jti": "1d54c77cf36a49a2aaad8eef1a582189",
        "token": "eyJhbGciOiJIUzI1NiIsInR5cCI6IkpXVCJ9.eyJ0b2tlbl90eXBlIjoicmVmcmVzaCIsImV4cCI6MTc3NjAzODIxNiwiaWF0IjoxNzc1OTUxODE2LCJqdGkiOiIxZDU0Yzc3Y2YzNmE0OWEyYWFhZDhlZWYxYTU4MjE4OSIsInVzZXJfaWQiOiIyIn0.ptLfXYdadlpfgmT6j_ACgkoDcS7FzX0pc2joSjc6lgA",
        "created_at": "2026-04-11T23:56:56.174Z",
        "expires_at": "2026-04-12T23:56:56Z"
    }
},
{
    "model": "token_blacklist.outstandingtoken",
    "pk": 10,
    "fields": {
        "user": [
            "guyasong1@gmail.com"
        ],
        "jti": "e3e63dca4c874c3f9bd224651b9b2d8a",
        "token": "eyJhbGciOiJIUzI1NiIsInR5cCI6IkpXVCJ9.eyJ0b2tlbl90eXBlIjoicmVmcmVzaCIsImV4cCI6MTc3NjAzODIxOSwiaWF0IjoxNzc1OTUxODE5LCJqdGkiOiJlM2U2M2RjYTRjODc0YzNmOWJkMjI0NjUxYjliMmQ4YSIsInVzZXJfaWQiOiIxIn0.dV8vXvPw5A1b9CyRfsY5aMRv8m7TIUmOgvS6yqN2HCQ",
        "created_at": "2026-04-11T23:56:59.839Z",
        "expires_at": "2026-04-12T23:56:59Z"
    }
},
{
    "model": "token_blacklist.outstandingtoken",
    "pk": 11,
    "fields": {
        "user": [
            "guyasong1@gmail.com"
        ],
        "jti": "416c501dbf61404ba301e284397d3133",
        "token": "eyJhbGciOiJIUzI1NiIsInR5cCI6IkpXVCJ9.eyJ0b2tlbl90eXBlIjoicmVmcmVzaCIsImV4cCI6MTc3NjAzODU1NywiaWF0IjoxNzc1OTUyMTU3LCJqdGkiOiI0MTZjNTAxZGJmNjE0MDRiYTMwMWUyODQzOTdkMzEzMyIsInVzZXJfaWQiOiIxIn0.Cw6kAMcObvOcVhMFxqb6_Xx3Nyo2WHNu__pn-fCx9FQ",
        "created_at": "2026-04-12T00:02:37.226Z",
        "expires_at": "2026-04-13T00:02:37Z"
    }
},
{
    "model": "token_blacklist.outstandingtoken",
    "pk": 12,
    "fields": {
        "user": [
            "guyasong1@gmail.com"
        ],
        "jti": "ee74f107561c4200a09c4989be899421",
        "token": "eyJhbGciOiJIUzI1NiIsInR5cCI6IkpXVCJ9.eyJ0b2tlbl90eXBlIjoicmVmcmVzaCIsImV4cCI6MTc3NjAzOTQ5MiwiaWF0IjoxNzc1OTUzMDkyLCJqdGkiOiJlZTc0ZjEwNzU2MWM0MjAwYTA5YzQ5ODliZTg5OTQyMSIsInVzZXJfaWQiOiIxIn0.cMse0Ni0MIEtUQYXpnFuUzf-jHVdBcKKo7mgOSlkekk",
        "created_at": "2026-04-12T00:18:12.226Z",
        "expires_at": "2026-04-13T00:18:12Z"
    }
},
{
    "model": "token_blacklist.outstandingtoken",
    "pk": 13,
    "fields": {
        "user": [
            "guyasong1@gmail.com"
        ],
        "jti": "fc155b61c4534abf920eb58d5caaa8ed",
        "token": "eyJhbGciOiJIUzI1NiIsInR5cCI6IkpXVCJ9.eyJ0b2tlbl90eXBlIjoicmVmcmVzaCIsImV4cCI6MTc3NjA0MDQyMiwiaWF0IjoxNzc1OTU0MDIyLCJqdGkiOiJmYzE1NWI2MWM0NTM0YWJmOTIwZWI1OGQ1Y2FhYThlZCIsInVzZXJfaWQiOiIxIn0.ETsB2uK6Jzs9FotUiG6chA0rnwRCCZu3mIUzAUuesHc",
        "created_at": "2026-04-12T00:33:42.744Z",
        "expires_at": "2026-04-13T00:33:42Z"
    }
},
{
    "model": "token_blacklist.outstandingtoken",
    "pk": 14,
    "fields": {
        "user": [
            "guyasong1@gmail.com"
        ],
        "jti": "ba67abbbd9c9455b83249545e0202825",
        "token": "eyJhbGciOiJIUzI1NiIsInR5cCI6IkpXVCJ9.eyJ0b2tlbl90eXBlIjoicmVmcmVzaCIsImV4cCI6MTc3NjA0MDU4OCwiaWF0IjoxNzc1OTU0MTg4LCJqdGkiOiJiYTY3YWJiYmQ5Yzk0NTViODMyNDk1NDVlMDIwMjgyNSIsInVzZXJfaWQiOiIxIn0.UE2nK_Q2YPqOKfJLhsu4nllyY24BDXVH4fVBJEblm28",
        "created_at": "2026-04-12T00:36:28.939Z",
        "expires_at": "2026-04-13T00:36:28Z"
    }
},
{
    "model": "token_blacklist.outstandingtoken",
    "pk": 15,
    "fields": {
        "user": [
            "guyasong1@gmail.com"
        ],
        "jti": "6c3068f6cf9141198bcf38b9a5fe9592",
        "token": "eyJhbGciOiJIUzI1NiIsInR5cCI6IkpXVCJ9.eyJ0b2tlbl90eXBlIjoicmVmcmVzaCIsImV4cCI6MTc3NjA0MDgyNCwiaWF0IjoxNzc1OTU0NDI0LCJqdGkiOiI2YzMwNjhmNmNmOTE0MTE5OGJjZjM4YjlhNWZlOTU5MiIsInVzZXJfaWQiOiIxIn0.TgRlsJUyL9ar2WWU2cFKZzUH4Z9A109d1NKaHAESwLY",
        "created_at": "2026-04-12T00:40:24.851Z",
        "expires_at": "2026-04-13T00:40:24Z"
    }
},
{
    "model": "token_blacklist.outstandingtoken",
    "pk": 16,
    "fields": {
        "user": [
            "guyasong1@gmail.com"
        ],
        "jti": "bfc5feac534b48cc8121a997ac56cd56",
        "token": "eyJhbGciOiJIUzI1NiIsInR5cCI6IkpXVCJ9.eyJ0b2tlbl90eXBlIjoicmVmcmVzaCIsImV4cCI6MTc3NjA0MTAwMiwiaWF0IjoxNzc1OTU0NjAyLCJqdGkiOiJiZmM1ZmVhYzUzNGI0OGNjODEyMWE5OTdhYzU2Y2Q1NiIsInVzZXJfaWQiOiIxIn0.87SlwEX0AV9LomHlnJTnXFd3RVaWncHNMcrAwpIkUZM",
        "created_at": "2026-04-12T00:43:22.188Z",
        "expires_at": "2026-04-13T00:43:22Z"
    }
},
{
    "model": "token_blacklist.outstandingtoken",
    "pk": 17,
    "fields": {
        "user": [
            "guyasong1@gmail.com"
        ],
        "jti": "c9109a9b8bdd48d08521664ff9271780",
        "token": "eyJhbGciOiJIUzI1NiIsInR5cCI6IkpXVCJ9.eyJ0b2tlbl90eXBlIjoicmVmcmVzaCIsImV4cCI6MTc3NjA0MTI2MywiaWF0IjoxNzc1OTU0ODYzLCJqdGkiOiJjOTEwOWE5YjhiZGQ0OGQwODUyMTY2NGZmOTI3MTc4MCIsInVzZXJfaWQiOiIxIn0.EB3mc5_1aAfqoKze0x8DTmz-WdzCADxhEddd7I_zpkc",
        "created_at": "2026-04-12T00:47:43.555Z",
        "expires_at": "2026-04-13T00:47:43Z"
    }
},
{
    "model": "token_blacklist.outstandingtoken",
    "pk": 18,
    "fields": {
        "user": [
            "guyasong1@gmail.com"
        ],
        "jti": "ff055f2ececa413eac72a520283d9ce1",
        "token": "eyJhbGciOiJIUzI1NiIsInR5cCI6IkpXVCJ9.eyJ0b2tlbl90eXBlIjoicmVmcmVzaCIsImV4cCI6MTc3NjA0MTUwMSwiaWF0IjoxNzc1OTU1MTAxLCJqdGkiOiJmZjA1NWYyZWNlY2E0MTNlYWM3MmE1MjAyODNkOWNlMSIsInVzZXJfaWQiOiIxIn0.uMpmPl7H1x486s3vX9j4HIxaAqNio_oYYfHP2nsbtgM",
        "created_at": "2026-04-12T00:51:41.192Z",
        "expires_at": "2026-04-13T00:51:41Z"
    }
},
{
    "model": "token_blacklist.outstandingtoken",
    "pk": 19,
    "fields": {
        "user": [
            "guyasong1@gmail.com"
        ],
        "jti": "67308f82d1e448729df6d3f31dfe376b",
        "token": "eyJhbGciOiJIUzI1NiIsInR5cCI6IkpXVCJ9.eyJ0b2tlbl90eXBlIjoicmVmcmVzaCIsImV4cCI6MTc3NjA0MTU1NSwiaWF0IjoxNzc1OTU1MTU1LCJqdGkiOiI2NzMwOGY4MmQxZTQ0ODcyOWRmNmQzZjMxZGZlMzc2YiIsInVzZXJfaWQiOiIxIn0.0rEjLgNuoQ2KyqmC0gmrfLCaCOHyz4dhH3Oy2YosxU4",
        "created_at": "2026-04-12T00:52:35.257Z",
        "expires_at": "2026-04-13T00:52:35Z"
    }
},
{
    "model": "token_blacklist.outstandingtoken",
    "pk": 20,
    "fields": {
        "user": [
            "guyasong1@gmail.com"
        ],
        "jti": "a7e7bee16eae4de5ac14bf654f5b5fd5",
        "token": "eyJhbGciOiJIUzI1NiIsInR5cCI6IkpXVCJ9.eyJ0b2tlbl90eXBlIjoicmVmcmVzaCIsImV4cCI6MTc3NjA0MTk0NywiaWF0IjoxNzc1OTU1NTQ3LCJqdGkiOiJhN2U3YmVlMTZlYWU0ZGU1YWMxNGJmNjU0ZjViNWZkNSIsInVzZXJfaWQiOiIxIn0.X7MBa9kCooPNQHZsrUTFQKTxIl0ggBS-wJHs6dO7VAo",
        "created_at": "2026-04-12T00:59:07.347Z",
        "expires_at": "2026-04-13T00:59:07Z"
    }
},
{
    "model": "token_blacklist.outstandingtoken",
    "pk": 21,
    "fields": {
        "user": [
            "guyasong1@gmail.com"
        ],
        "jti": "872dc15a020143c3af8000ace46972a1",
        "token": "eyJhbGciOiJIUzI1NiIsInR5cCI6IkpXVCJ9.eyJ0b2tlbl90eXBlIjoicmVmcmVzaCIsImV4cCI6MTc3NjA0MjMzNywiaWF0IjoxNzc1OTU1OTM3LCJqdGkiOiI4NzJkYzE1YTAyMDE0M2MzYWY4MDAwYWNlNDY5NzJhMSIsInVzZXJfaWQiOiIxIn0.L9gX5i3biE_OjdOp31T0ZiZqFXmbsiUp_thYn2lJ_b8",
        "created_at": "2026-04-12T01:05:37.964Z",
        "expires_at": "2026-04-13T01:05:37Z"
    }
},
{
    "model": "token_blacklist.outstandingtoken",
    "pk": 22,
    "fields": {
        "user": [
            "guyasong1@gmail.com"
        ],
        "jti": "dbd476c6b45f400889656425f212a008",
        "token": "eyJhbGciOiJIUzI1NiIsInR5cCI6IkpXVCJ9.eyJ0b2tlbl90eXBlIjoicmVmcmVzaCIsImV4cCI6MTc3NjA3MDUyMiwiaWF0IjoxNzc1OTg0MTIyLCJqdGkiOiJkYmQ0NzZjNmI0NWY0MDA4ODk2NTY0MjVmMjEyYTAwOCIsInVzZXJfaWQiOiIxIn0.Y59hhKPZmiQtCPV4CN4BD8T5K60r3QL4XMu8yAkg0GY",
        "created_at": "2026-04-12T08:55:22.671Z",
        "expires_at": "2026-04-13T08:55:22Z"
    }
},
{
    "model": "token_blacklist.outstandingtoken",
    "pk": 23,
    "fields": {
        "user": [
            "guyasong1@gmail.com"
        ],
        "jti": "1987332932d449298f0801a86cb7c094",
        "token": "eyJhbGciOiJIUzI1NiIsInR5cCI6IkpXVCJ9.eyJ0b2tlbl90eXBlIjoicmVmcmVzaCIsImV4cCI6MTc3NjA4NTM4MSwiaWF0IjoxNzc1OTk4OTgxLCJqdGkiOiIxOTg3MzMyOTMyZDQ0OTI5OGYwODAxYTg2Y2I3YzA5NCIsInVzZXJfaWQiOiIxIn0.srg_1EUY8RGQShYmQhLTIT6ujygtugeNvy8F7HayCW8",
        "created_at": "2026-04-12T13:03:01.242Z",
        "expires_at": "2026-04-13T13:03:01Z"
    }
},
{
    "model": "token_blacklist.outstandingtoken",
    "pk": 24,
    "fields": {
        "user": [
            "guyasong2@gmail.com"
        ],
        "jti": "2c3a220b7b7c4821a21f53a413cab15a",
        "token": "eyJhbGciOiJIUzI1NiIsInR5cCI6IkpXVCJ9.eyJ0b2tlbl90eXBlIjoicmVmcmVzaCIsImV4cCI6MTc3NjA4NTU2NywiaWF0IjoxNzc1OTk5MTY3LCJqdGkiOiIyYzNhMjIwYjdiN2M0ODIxYTIxZjUzYTQxM2NhYjE1YSIsInVzZXJfaWQiOiIyIn0.H_iot6NkyIjgYrxWEgzYlfA2s4YlsRn-3fEFzlhGaVI",
        "created_at": "2026-04-12T13:06:07.826Z",
        "expires_at": "2026-04-13T13:06:07Z"
    }
},
{
    "model": "token_blacklist.outstandingtoken",
    "pk": 25,
    "fields": {
        "user": [
            "guyasong2@gmail.com"
        ],
        "jti": "d8b8e2dab89e455595ef74950b379daf",
        "token": "eyJhbGciOiJIUzI1NiIsInR5cCI6IkpXVCJ9.eyJ0b2tlbl90eXBlIjoicmVmcmVzaCIsImV4cCI6MTc3NjQyMzIzNywiaWF0IjoxNzc2MzM2ODM3LCJqdGkiOiJkOGI4ZTJkYWI4OWU0NTU1OTVlZjc0OTUwYjM3OWRhZiIsInVzZXJfaWQiOiIyIn0.yboCsmiteuaQHWQYa_7mmpJgOcvkZGn5hmLvUcqzzHo",
        "created_at": "2026-04-16T10:53:57.000Z",
        "expires_at": "2026-04-17T10:53:57Z"
    }
},
{
    "model": "token_blacklist.outstandingtoken",
    "pk": 26,
    "fields": {
        "user": [
            "guyasong1@gmail.com"
        ],
        "jti": "7e9ab960b8a04775b780b014d78d8411",
        "token": "eyJhbGciOiJIUzI1NiIsInR5cCI6IkpXVCJ9.eyJ0b2tlbl90eXBlIjoicmVmcmVzaCIsImV4cCI6MTc3NjQyMzQ2NSwiaWF0IjoxNzc2MzM3MDY1LCJqdGkiOiI3ZTlhYjk2MGI4YTA0Nzc1Yjc4MGIwMTRkNzhkODQxMSIsInVzZXJfaWQiOiIxIn0.oa9APZVETP4vVKTcbEVJTsb_RKvErAs3AnmIPDkDab4",
        "created_at": "2026-04-16T10:57:45.580Z",
        "expires_at": "2026-04-17T10:57:45Z"
    }
},
{
    "model": "token_blacklist.outstandingtoken",
    "pk": 27,
    "fields": {
        "user": [
            "guyasong1@gmail.com"
        ],
        "jti": "98e870019117478283f7ce6542ae5f75",
        "token": "eyJhbGciOiJIUzI1NiIsInR5cCI6IkpXVCJ9.eyJ0b2tlbl90eXBlIjoicmVmcmVzaCIsImV4cCI6MTc3OTYyMzE3MCwiaWF0IjoxNzc5NTM2NzcwLCJqdGkiOiI5OGU4NzAwMTkxMTc0NzgyODNmN2NlNjU0MmFlNWY3NSIsInVzZXJfaWQiOiIxIn0.7XPnXzTS_Det8ctGXQRVdJ7Z3EBWZa4E3NdVJ3QyO7c",
        "created_at": "2026-05-23T11:46:10.371Z",
        "expires_at": "2026-05-24T11:46:10Z"
    }
},
{
    "model": "token_blacklist.outstandingtoken",
    "pk": 28,
    "fields": {
        "user": [
            "guyasong1@gmail.com"
        ],
        "jti": "04af741142534ba8a5fc4e7bc73ba026",
        "token": "eyJhbGciOiJIUzI1NiIsInR5cCI6IkpXVCJ9.eyJ0b2tlbl90eXBlIjoicmVmcmVzaCIsImV4cCI6MTc4MDEzNzk1MCwiaWF0IjoxNzgwMDUxNTUwLCJqdGkiOiIwNGFmNzQxMTQyNTM0YmE4YTVmYzRlN2JjNzNiYTAyNiIsInVzZXJfaWQiOiIxIn0.7wswrwQgl5RoxMKjQOh5xgcmW__sNT27UQIP4RHYlro",
        "created_at": "2026-05-29T10:45:50.731Z",
        "expires_at": "2026-05-30T10:45:50Z"
    }
},
{
    "model": "token_blacklist.outstandingtoken",
    "pk": 29,
    "fields": {
        "user": [
            "guyasong1@gmail.com"
        ],
        "jti": "82df32cd1dae4a1c96fb390429056ad7",
        "token": "eyJhbGciOiJIUzI1NiIsInR5cCI6IkpXVCJ9.eyJ0b2tlbl90eXBlIjoicmVmcmVzaCIsImV4cCI6MTc4MDEzNzk4NCwiaWF0IjoxNzgwMDUxNTg0LCJqdGkiOiI4MmRmMzJjZDFkYWU0YTFjOTZmYjM5MDQyOTA1NmFkNyIsInVzZXJfaWQiOiIxIn0.p6BCbpFTb1ZILWGH3Ke4ZNfeqRouJXdqxmPkIj2Qvf0",
        "created_at": "2026-05-29T10:46:24.002Z",
        "expires_at": "2026-05-30T10:46:24Z"
    }
},
{
    "model": "token_blacklist.outstandingtoken",
    "pk": 30,
    "fields": {
        "user": [
            "guyasong1@gmail.com"
        ],
        "jti": "0ffaf804e8c8401ebbc1dcb1879bef52",
        "token": "eyJhbGciOiJIUzI1NiIsInR5cCI6IkpXVCJ9.eyJ0b2tlbl90eXBlIjoicmVmcmVzaCIsImV4cCI6MTc4MDEzODc2MCwiaWF0IjoxNzgwMDUyMzYwLCJqdGkiOiIwZmZhZjgwNGU4Yzg0MDFlYmJjMWRjYjE4NzliZWY1MiIsInVzZXJfaWQiOiIxIn0.OtXu9Uob9-bT_KS5Jh0F9tjj8P7vPveYfXjsuV4bVWs",
        "created_at": "2026-05-29T10:59:20.660Z",
        "expires_at": "2026-05-30T10:59:20Z"
    }
},
{
    "model": "token_blacklist.outstandingtoken",
    "pk": 31,
    "fields": {
        "user": [
            "guyasong2@gmail.com"
        ],
        "jti": "5fb99ee336b7411bba62f816db7db250",
        "token": "eyJhbGciOiJIUzI1NiIsInR5cCI6IkpXVCJ9.eyJ0b2tlbl90eXBlIjoicmVmcmVzaCIsImV4cCI6MTc4MDE0MTEzNiwiaWF0IjoxNzgwMDU0NzM2LCJqdGkiOiI1ZmI5OWVlMzM2Yjc0MTFiYmE2MmY4MTZkYjdkYjI1MCIsInVzZXJfaWQiOiIyIn0.ZRLTp5fPZ3JIdZJnu5zJPxdcYyJ___NiCaCHPgeJHCY",
        "created_at": "2026-05-29T11:38:56.424Z",
        "expires_at": "2026-05-30T11:38:56Z"
    }
},
{
    "model": "token_blacklist.outstandingtoken",
    "pk": 32,
    "fields": {
        "user": [
            "guyasong2@gmail.com"
        ],
        "jti": "2b6f3d4db6a041928ff022240a5e03a1",
        "token": "eyJhbGciOiJIUzI1NiIsInR5cCI6IkpXVCJ9.eyJ0b2tlbl90eXBlIjoicmVmcmVzaCIsImV4cCI6MTc4MDE0MTU5MywiaWF0IjoxNzgwMDU1MTkzLCJqdGkiOiIyYjZmM2Q0ZGI2YTA0MTkyOGZmMDIyMjQwYTVlMDNhMSIsInVzZXJfaWQiOiIyIn0.i69i0oCOxe8DOnHm4by_24wqydB8kLxAZMK45MnePzE",
        "created_at": "2026-05-29T11:46:33.450Z",
        "expires_at": "2026-05-30T11:46:33Z"
    }
},
{
    "model": "token_blacklist.outstandingtoken",
    "pk": 33,
    "fields": {
        "user": [
            "guyasong2@gmail.com"
        ],
        "jti": "8e388a9c41bd44fdbbe7c2dc5dbf1ac7",
        "token": "eyJhbGciOiJIUzI1NiIsInR5cCI6IkpXVCJ9.eyJ0b2tlbl90eXBlIjoicmVmcmVzaCIsImV4cCI6MTc4MDE0MTg2NCwiaWF0IjoxNzgwMDU1NDY0LCJqdGkiOiI4ZTM4OGE5YzQxYmQ0NGZkYmJlN2MyZGM1ZGJmMWFjNyIsInVzZXJfaWQiOiIyIn0.YUMGxrr3fFQrmg_JpOxOmfMiMIeh844NJ0jTToBnIQA",
        "created_at": "2026-05-29T11:51:04.544Z",
        "expires_at": "2026-05-30T11:51:04Z"
    }
},
{
    "model": "token_blacklist.outstandingtoken",
    "pk": 34,
    "fields": {
        "user": [
            "guyasong2@gmail.com"
        ],
        "jti": "14886afb89ef4455bea75624fc3c9c09",
        "token": "eyJhbGciOiJIUzI1NiIsInR5cCI6IkpXVCJ9.eyJ0b2tlbl90eXBlIjoicmVmcmVzaCIsImV4cCI6MTc4MDE0MjE1OSwiaWF0IjoxNzgwMDU1NzU5LCJqdGkiOiIxNDg4NmFmYjg5ZWY0NDU1YmVhNzU2MjRmYzNjOWMwOSIsInVzZXJfaWQiOiIyIn0.lInM_2W8sbV4nyPD9DWd3j8JxZkcKUIt-cbP2ZGF2D8",
        "created_at": "2026-05-29T11:55:59.035Z",
        "expires_at": "2026-05-30T11:55:59Z"
    }
},
{
    "model": "token_blacklist.outstandingtoken",
    "pk": 35,
    "fields": {
        "user": [
            "guyasong2@gmail.com"
        ],
        "jti": "5751e0e56df04df39f9961161310e6f9",
        "token": "eyJhbGciOiJIUzI1NiIsInR5cCI6IkpXVCJ9.eyJ0b2tlbl90eXBlIjoicmVmcmVzaCIsImV4cCI6MTc4MDE0MjIwOCwiaWF0IjoxNzgwMDU1ODA4LCJqdGkiOiI1NzUxZTBlNTZkZjA0ZGYzOWY5OTYxMTYxMzEwZTZmOSIsInVzZXJfaWQiOiIyIn0.jDNL_buGExrQIZEE3LpO27Nln_im6U3D5Ic97F_h3Rs",
        "created_at": "2026-05-29T11:56:48.159Z",
        "expires_at": "2026-05-30T11:56:48Z"
    }
},
{
    "model": "token_blacklist.outstandingtoken",
    "pk": 36,
    "fields": {
        "user": [
            "guyasong2@gmail.com"
        ],
        "jti": "a8569cd58dcb44adbc87572ab024abb2",
        "token": "eyJhbGciOiJIUzI1NiIsInR5cCI6IkpXVCJ9.eyJ0b2tlbl90eXBlIjoicmVmcmVzaCIsImV4cCI6MTc4MDE0MjMyMywiaWF0IjoxNzgwMDU1OTIzLCJqdGkiOiJhODU2OWNkNThkY2I0NGFkYmM4NzU3MmFiMDI0YWJiMiIsInVzZXJfaWQiOiIyIn0.rQ5JHXFSdPbaU_IjjBrOtPULvo2KEIaaDDpEDem6OE0",
        "created_at": "2026-05-29T11:58:43.200Z",
        "expires_at": "2026-05-30T11:58:43Z"
    }
},
{
    "model": "token_blacklist.outstandingtoken",
    "pk": 37,
    "fields": {
        "user": [
            "guyasong1@gmail.com"
        ],
        "jti": "398780df67a0498e9150e02149143790",
        "token": "eyJhbGciOiJIUzI1NiIsInR5cCI6IkpXVCJ9.eyJ0b2tlbl90eXBlIjoicmVmcmVzaCIsImV4cCI6MTc4MDE0Mzk2OSwiaWF0IjoxNzgwMDU3NTY5LCJqdGkiOiIzOTg3ODBkZjY3YTA0OThlOTE1MGUwMjE0OTE0Mzc5MCIsInVzZXJfaWQiOiIxIn0.XAOljEO3KgLMge0rtLsEu65TEMzjsx-u1YqxiQ1nRC4",
        "created_at": "2026-05-29T12:26:09.828Z",
        "expires_at": "2026-05-30T12:26:09Z"
    }
},
{
    "model": "token_blacklist.outstandingtoken",
    "pk": 38,
    "fields": {
        "user": [
            "guyasong1@gmail.com"
        ],
        "jti": "8116f0717d49439b94861734b7799c4b",
        "token": "eyJhbGciOiJIUzI1NiIsInR5cCI6IkpXVCJ9.eyJ0b2tlbl90eXBlIjoicmVmcmVzaCIsImV4cCI6MTc4MDE0NDMzMCwiaWF0IjoxNzgwMDU3OTMwLCJqdGkiOiI4MTE2ZjA3MTdkNDk0MzliOTQ4NjE3MzRiNzc5OWM0YiIsInVzZXJfaWQiOiIxIn0.l7t7sCaJhPx7QDoJEOKQnn70zr9sPYmzx49QN3JfUsg",
        "created_at": "2026-05-29T12:32:10.748Z",
        "expires_at": "2026-05-30T12:32:10Z"
    }
},
{
    "model": "token_blacklist.outstandingtoken",
    "pk": 39,
    "fields": {
        "user": [
            "guyasong2@gmail.com"
        ],
        "jti": "09a5038fe6bb42459ee902c02161d466",
        "token": "eyJhbGciOiJIUzI1NiIsInR5cCI6IkpXVCJ9.eyJ0b2tlbl90eXBlIjoicmVmcmVzaCIsImV4cCI6MTc4MDE0NjE0MSwiaWF0IjoxNzgwMDU5NzQxLCJqdGkiOiIwOWE1MDM4ZmU2YmI0MjQ1OWVlOTAyYzAyMTYxZDQ2NiIsInVzZXJfaWQiOiIyIn0.5U99V0O5QP9xLCpV8xSzHSB6_ZNF_G-OCf91E30kv2A",
        "created_at": "2026-05-29T13:02:21.938Z",
        "expires_at": "2026-05-30T13:02:21Z"
    }
},
{
    "model": "token_blacklist.outstandingtoken",
    "pk": 40,
    "fields": {
        "user": [
            "guyasong1@gmail.com"
        ],
        "jti": "b32baa5409bc416ca13577b610fcf84d",
        "token": "eyJhbGciOiJIUzI1NiIsInR5cCI6IkpXVCJ9.eyJ0b2tlbl90eXBlIjoicmVmcmVzaCIsImV4cCI6MTc4MDE0ODQ5MiwiaWF0IjoxNzgwMDYyMDkyLCJqdGkiOiJiMzJiYWE1NDA5YmM0MTZjYTEzNTc3YjYxMGZjZjg0ZCIsInVzZXJfaWQiOiIxIn0.EmtPVzOJUolf99E9tnrqTTw8lmRk9F8lmqHXYVUCXgA",
        "created_at": "2026-05-29T13:41:32.438Z",
        "expires_at": "2026-05-30T13:41:32Z"
    }
},
{
    "model": "token_blacklist.outstandingtoken",
    "pk": 41,
    "fields": {
        "user": [
            "guyasong1@gmail.com"
        ],
        "jti": "8b25c7c21361476eaeee47a0dff89ccc",
        "token": "eyJhbGciOiJIUzI1NiIsInR5cCI6IkpXVCJ9.eyJ0b2tlbl90eXBlIjoicmVmcmVzaCIsImV4cCI6MTc4MDE0ODY5MywiaWF0IjoxNzgwMDYyMjkzLCJqdGkiOiI4YjI1YzdjMjEzNjE0NzZlYWVlZTQ3YTBkZmY4OWNjYyIsInVzZXJfaWQiOiIxIn0.ogvqWOuvtNTqzcq5VEvYu5KDsv9V9jrayPOXMrAB9vo",
        "created_at": "2026-05-29T13:44:53.588Z",
        "expires_at": "2026-05-30T13:44:53Z"
    }
},
{
    "model": "token_blacklist.outstandingtoken",
    "pk": 42,
    "fields": {
        "user": [
            "guyasong2@gmail.com"
        ],
        "jti": "035d2e921b96486b83196028c114db11",
        "token": "eyJhbGciOiJIUzI1NiIsInR5cCI6IkpXVCJ9.eyJ0b2tlbl90eXBlIjoicmVmcmVzaCIsImV4cCI6MTc4MDE0ODg0MiwiaWF0IjoxNzgwMDYyNDQyLCJqdGkiOiIwMzVkMmU5MjFiOTY0ODZiODMxOTYwMjhjMTE0ZGIxMSIsInVzZXJfaWQiOiIyIn0.yMsn9qHpR2vlsnnI7iMU_sDdBwxy8cCBsK_DGbV64qc",
        "created_at": "2026-05-29T13:47:22.375Z",
        "expires_at": "2026-05-30T13:47:22Z"
    }
},
{
    "model": "token_blacklist.outstandingtoken",
    "pk": 43,
    "fields": {
        "user": [
            "guyasong1@gmail.com"
        ],
        "jti": "0ba854eb459940d9ba42d953a7a0af8c",
        "token": "eyJhbGciOiJIUzI1NiIsInR5cCI6IkpXVCJ9.eyJ0b2tlbl90eXBlIjoicmVmcmVzaCIsImV4cCI6MTc4MDE1MDgwNiwiaWF0IjoxNzgwMDY0NDA2LCJqdGkiOiIwYmE4NTRlYjQ1OTk0MGQ5YmE0MmQ5NTNhN2EwYWY4YyIsInVzZXJfaWQiOiIxIn0.KRsmEhiUdxyLOG803VQVbWsIpFYhzxLtegye2wFQDKE",
        "created_at": "2026-05-29T14:20:06.201Z",
        "expires_at": "2026-05-30T14:20:06Z"
    }
},
{
    "model": "token_blacklist.outstandingtoken",
    "pk": 44,
    "fields": {
        "user": [
            "guyasong3@gmail.com"
        ],
        "jti": "7c3e0b9eca7847a7bb37c615831c2faa",
        "token": "eyJhbGciOiJIUzI1NiIsInR5cCI6IkpXVCJ9.eyJ0b2tlbl90eXBlIjoicmVmcmVzaCIsImV4cCI6MTc4MDE2ODQyMywiaWF0IjoxNzgwMDgyMDIzLCJqdGkiOiI3YzNlMGI5ZWNhNzg0N2E3YmIzN2M2MTU4MzFjMmZhYSIsInVzZXJfaWQiOiIzIn0.uxyODj38GNDVxlrTzVjIrr_0dPQefijBu2JY8Ka0x0E",
        "created_at": "2026-05-29T19:13:43.284Z",
        "expires_at": "2026-05-30T19:13:43Z"
    }
},
{
    "model": "token_blacklist.outstandingtoken",
    "pk": 45,
    "fields": {
        "user": [
            "guyasong2@gmail.com"
        ],
        "jti": "b32984cbfbeb4077b18a8b4737a83ec7",
        "token": "eyJhbGciOiJIUzI1NiIsInR5cCI6IkpXVCJ9.eyJ0b2tlbl90eXBlIjoicmVmcmVzaCIsImV4cCI6MTc4MDE4MjMyNCwiaWF0IjoxNzgwMDk1OTI0LCJqdGkiOiJiMzI5ODRjYmZiZWI0MDc3YjE4YThiNDczN2E4M2VjNyIsInVzZXJfaWQiOiIyIn0.f9wKA9VXv-Dm1V23glG_R7d5ER9lQQyjZD-9U5a0qUA",
        "created_at": "2026-05-29T23:05:24.106Z",
        "expires_at": "2026-05-30T23:05:24Z"
    }
},
{
    "model": "token_blacklist.outstandingtoken",
    "pk": 46,
    "fields": {
        "user": [
            "guyasong1@gmail.com"
        ],
        "jti": "a01e7418302344dcbbe58daa66e8a8a7",
        "token": "eyJhbGciOiJIUzI1NiIsInR5cCI6IkpXVCJ9.eyJ0b2tlbl90eXBlIjoicmVmcmVzaCIsImV4cCI6MTc4MDE4MzM2NSwiaWF0IjoxNzgwMDk2OTY1LCJqdGkiOiJhMDFlNzQxODMwMjM0NGRjYmJlNThkYWE2NmU4YThhNyIsInVzZXJfaWQiOiIxIn0.Nvh1q-5HquRLhnhsRmmZYSNEZ7wIUIpfgxqpSAdDiDI",
        "created_at": "2026-05-29T23:22:45.387Z",
        "expires_at": "2026-05-30T23:22:45Z"
    }
},
{
    "model": "token_blacklist.outstandingtoken",
    "pk": 47,
    "fields": {
        "user": [
            "guyasong1@gmail.com"
        ],
        "jti": "c32084e140b340db9070cd337f9ff295",
        "token": "eyJhbGciOiJIUzI1NiIsInR5cCI6IkpXVCJ9.eyJ0b2tlbl90eXBlIjoicmVmcmVzaCIsImV4cCI6MTc4MDE4NDM5NywiaWF0IjoxNzgwMDk3OTk3LCJqdGkiOiJjMzIwODRlMTQwYjM0MGRiOTA3MGNkMzM3ZjlmZjI5NSIsInVzZXJfaWQiOiIxIn0.YtaorPAy2pOnEI1QY3VR9hbN2l59lvV8HZD_FmuuZao",
        "created_at": "2026-05-29T23:39:57.965Z",
        "expires_at": "2026-05-30T23:39:57Z"
    }
},
{
    "model": "token_blacklist.outstandingtoken",
    "pk": 48,
    "fields": {
        "user": [
            "guyasong2@gmail.com"
        ],
        "jti": "17e11cd3f1584f08a7376a59377d4a3e",
        "token": "eyJhbGciOiJIUzI1NiIsInR5cCI6IkpXVCJ9.eyJ0b2tlbl90eXBlIjoicmVmcmVzaCIsImV4cCI6MTc4MDE4NTQxNSwiaWF0IjoxNzgwMDk5MDE1LCJqdGkiOiIxN2UxMWNkM2YxNTg0ZjA4YTczNzZhNTkzNzdkNGEzZSIsInVzZXJfaWQiOiIyIn0.sBgOlRmqXbNqJ2uV_80yU5HMDNoAW7BcAYjCqDHXqqQ",
        "created_at": "2026-05-29T23:56:55.864Z",
        "expires_at": "2026-05-30T23:56:55Z"
    }
},
{
    "model": "token_blacklist.outstandingtoken",
    "pk": 49,
    "fields": {
        "user": [
            "guyasong2@gmail.com"
        ],
        "jti": "797b7bb37fa54cd286aa3b195b99646c",
        "token": "eyJhbGciOiJIUzI1NiIsInR5cCI6IkpXVCJ9.eyJ0b2tlbl90eXBlIjoicmVmcmVzaCIsImV4cCI6MTc4MDY2NDM4NSwiaWF0IjoxNzgwNTc3OTg1LCJqdGkiOiI3OTdiN2JiMzdmYTU0Y2QyODZhYTNiMTk1Yjk5NjQ2YyIsInVzZXJfaWQiOiIyIn0.aax7Ka9C8ciP2Z2sOhqq9rQf4oWO1DYhVSEYc_CJDmQ",
        "created_at": "2026-06-04T12:59:45.900Z",
        "expires_at": "2026-06-05T12:59:45Z"
    }
},
{
    "model": "token_blacklist.outstandingtoken",
    "pk": 50,
    "fields": {
        "user": [
            "guyasong1@gmail.com"
        ],
        "jti": "c5e2892cc68d47008969f02b3da699f0",
        "token": "eyJhbGciOiJIUzI1NiIsInR5cCI6IkpXVCJ9.eyJ0b2tlbl90eXBlIjoicmVmcmVzaCIsImV4cCI6MTc4MDY3NDgwMywiaWF0IjoxNzgwNTg4NDAzLCJqdGkiOiJjNWUyODkyY2M2OGQ0NzAwODk2OWYwMmIzZGE2OTlmMCIsInVzZXJfaWQiOiIxIn0.MdAIEnluAbW-FLCt_W8L1OQy0MXcLrWgufZxg3owZno",
        "created_at": "2026-06-04T15:53:23.367Z",
        "expires_at": "2026-06-05T15:53:23Z"
    }
},
{
    "model": "token_blacklist.outstandingtoken",
    "pk": 51,
    "fields": {
        "user": [
            "guyasong2@gmail.com"
        ],
        "jti": "89c24ffed4954f26a5ac286d617a2da4",
        "token": "eyJhbGciOiJIUzI1NiIsInR5cCI6IkpXVCJ9.eyJ0b2tlbl90eXBlIjoicmVmcmVzaCIsImV4cCI6MTc4MDc2MTM3NywiaWF0IjoxNzgwNjc0OTc3LCJqdGkiOiI4OWMyNGZmZWQ0OTU0ZjI2YTVhYzI4NmQ2MTdhMmRhNCIsInVzZXJfaWQiOiIyIn0.oGIrwDzkzF0S5XZIvIjXzqTRnmjT050LwMaHnpPhiVk",
        "created_at": "2026-06-05T15:56:17.934Z",
        "expires_at": "2026-06-06T15:56:17Z"
    }
},
{
    "model": "token_blacklist.outstandingtoken",
    "pk": 52,
    "fields": {
        "user": [
            "guyasong1@gmail.com"
        ],
        "jti": "df645cda9b9641a298f5ae66ed638562",
        "token": "eyJhbGciOiJIUzI1NiIsInR5cCI6IkpXVCJ9.eyJ0b2tlbl90eXBlIjoicmVmcmVzaCIsImV4cCI6MTc4MTM5MjY4MSwiaWF0IjoxNzgxMzA2MjgxLCJqdGkiOiJkZjY0NWNkYTliOTY0MWEyOThmNWFlNjZlZDYzODU2MiIsInVzZXJfaWQiOiIxIn0.8htRbgnh9a6hN9po5b1j0XwpRzzYuA0m2MNGjkKL8dM",
        "created_at": "2026-06-12T23:18:01.183Z",
        "expires_at": "2026-06-13T23:18:01Z"
    }
},
{
    "model": "token_blacklist.outstandingtoken",
    "pk": 53,
    "fields": {
        "user": [
            "guyasong1@gmail.com"
        ],
        "jti": "0e0b48a4f251420e9e549461be5e77aa",
        "token": "eyJhbGciOiJIUzI1NiIsInR5cCI6IkpXVCJ9.eyJ0b2tlbl90eXBlIjoicmVmcmVzaCIsImV4cCI6MTc4MTM5MzM0NSwiaWF0IjoxNzgxMzA2OTQ1LCJqdGkiOiIwZTBiNDhhNGYyNTE0MjBlOWU1NDk0NjFiZTVlNzdhYSIsInVzZXJfaWQiOiIxIn0.12uNbErcz7lp2eObtUETInsR-YYMWEuBqo6n4Tx_SDo",
        "created_at": "2026-06-12T23:29:05.490Z",
        "expires_at": "2026-06-13T23:29:05Z"
    }
},
{
    "model": "token_blacklist.outstandingtoken",
    "pk": 54,
    "fields": {
        "user": [
            "guyasong2@gmail.com"
        ],
        "jti": "46db01babb4b41b5b09005a2fb950375",
        "token": "eyJhbGciOiJIUzI1NiIsInR5cCI6IkpXVCJ9.eyJ0b2tlbl90eXBlIjoicmVmcmVzaCIsImV4cCI6MTc4MTM5MzM2NiwiaWF0IjoxNzgxMzA2OTY2LCJqdGkiOiI0NmRiMDFiYWJiNGI0MWI1YjA5MDA1YTJmYjk1MDM3NSIsInVzZXJfaWQiOiIyIn0.M8jCznM3kQRwW7yK3c1Xma7dpyN_5GiXytXWwAzXneY",
        "created_at": "2026-06-12T23:29:26.725Z",
        "expires_at": "2026-06-13T23:29:26Z"
    }
},
{
    "model": "token_blacklist.outstandingtoken",
    "pk": 55,
    "fields": {
        "user": [
            "guyasong3@gmail.com"
        ],
        "jti": "fdbfdc0a171e4639aaf670aec9cf5a62",
        "token": "eyJhbGciOiJIUzI1NiIsInR5cCI6IkpXVCJ9.eyJ0b2tlbl90eXBlIjoicmVmcmVzaCIsImV4cCI6MTc4MTM5Mzc1NCwiaWF0IjoxNzgxMzA3MzU0LCJqdGkiOiJmZGJmZGMwYTE3MWU0NjM5YWFmNjcwYWVjOWNmNWE2MiIsInVzZXJfaWQiOiIzIn0.n05LwHOiewwD0FHJts39SOWPmvNk9gOoEAq9_JlGO6k",
        "created_at": "2026-06-12T23:35:54.923Z",
        "expires_at": "2026-06-13T23:35:54Z"
    }
},
{
    "model": "token_blacklist.outstandingtoken",
    "pk": 56,
    "fields": {
        "user": [
            "jamesdavid@gmail.com"
        ],
        "jti": "d5a50f89a5bc4972a83b977ca8b08c22",
        "token": "eyJhbGciOiJIUzI1NiIsInR5cCI6IkpXVCJ9.eyJ0b2tlbl90eXBlIjoicmVmcmVzaCIsImV4cCI6MTc4MTM5Mzg4MiwiaWF0IjoxNzgxMzA3NDgyLCJqdGkiOiJkNWE1MGY4OWE1YmM0OTcyYTgzYjk3N2NhOGIwOGMyMiIsInVzZXJfaWQiOiI0In0.fBk2-61usXvIooyBfVWy1EvVGicatmRoErxJ8OhR7BI",
        "created_at": "2026-06-12T23:38:02.812Z",
        "expires_at": "2026-06-13T23:38:02Z"
    }
},
{
    "model": "token_blacklist.outstandingtoken",
    "pk": 57,
    "fields": {
        "user": [
            "guyasong1@gmail.com"
        ],
        "jti": "7a7dcc6abecc4d1589cbd1d775e78641",
        "token": "eyJhbGciOiJIUzI1NiIsInR5cCI6IkpXVCJ9.eyJ0b2tlbl90eXBlIjoicmVmcmVzaCIsImV4cCI6MTc4MTM5NDQ0MiwiaWF0IjoxNzgxMzA4MDQyLCJqdGkiOiI3YTdkY2M2YWJlY2M0ZDE1ODljYmQxZDc3NWU3ODY0MSIsInVzZXJfaWQiOiIxIn0.QhnDCV1on824Kn1xYZmkJui8x0i6tqZs2Ogm6m8xWVE",
        "created_at": "2026-06-12T23:47:22.647Z",
        "expires_at": "2026-06-13T23:47:22Z"
    }
},
{
    "model": "token_blacklist.outstandingtoken",
    "pk": 58,
    "fields": {
        "user": [
            "manatute588@gmail.com"
        ],
        "jti": "d443e07afa274836acd650b54b9e50c4",
        "token": "eyJhbGciOiJIUzI1NiIsInR5cCI6IkpXVCJ9.eyJ0b2tlbl90eXBlIjoicmVmcmVzaCIsImV4cCI6MTc4MTM5NDQ4NSwiaWF0IjoxNzgxMzA4MDg1LCJqdGkiOiJkNDQzZTA3YWZhMjc0ODM2YWNkNjUwYjU0YjllNTBjNCIsInVzZXJfaWQiOiI1In0.PU9KjbItg0LrVNl_KfuDP55xtvjQkC5_OYhXLHr8hCc",
        "created_at": "2026-06-12T23:48:05.357Z",
        "expires_at": "2026-06-13T23:48:05Z"
    }
},
{
    "model": "token_blacklist.outstandingtoken",
    "pk": 59,
    "fields": {
        "user": [
            "guyasong2@gmail.com"
        ],
        "jti": "cf03d43ecb4b42b8a0baded80ae24d87",
        "token": "eyJhbGciOiJIUzI1NiIsInR5cCI6IkpXVCJ9.eyJ0b2tlbl90eXBlIjoicmVmcmVzaCIsImV4cCI6MTc4MTM5NDc4NCwiaWF0IjoxNzgxMzA4Mzg0LCJqdGkiOiJjZjAzZDQzZWNiNGI0MmI4YTBiYWRlZDgwYWUyNGQ4NyIsInVzZXJfaWQiOiIyIn0.ZPJn_woUs0mkPti3ASppoRNDW724-mKFDXBJzKhv9PI",
        "created_at": "2026-06-12T23:53:04.732Z",
        "expires_at": "2026-06-13T23:53:04Z"
    }
},
{
    "model": "token_blacklist.outstandingtoken",
    "pk": 60,
    "fields": {
        "user": [
            "jamesdavid@gmail.com"
        ],
        "jti": "dfd2770019554c4586e6a105ae1b9356",
        "token": "eyJhbGciOiJIUzI1NiIsInR5cCI6IkpXVCJ9.eyJ0b2tlbl90eXBlIjoicmVmcmVzaCIsImV4cCI6MTc4MTM5NTE3MSwiaWF0IjoxNzgxMzA4NzcxLCJqdGkiOiJkZmQyNzcwMDE5NTU0YzQ1ODZlNmExMDVhZTFiOTM1NiIsInVzZXJfaWQiOiI0In0.lRWm_KFGGdKDGzHe4_Ak0Bv962r2cw5Kz9r7QEODcsE",
        "created_at": "2026-06-12T23:59:31.652Z",
        "expires_at": "2026-06-13T23:59:31Z"
    }
},
{
    "model": "token_blacklist.outstandingtoken",
    "pk": 61,
    "fields": {
        "user": [
            "jamesdavid@gmail.com"
        ],
        "jti": "3323f8edd9a34c918450c97766423ced",
        "token": "eyJhbGciOiJIUzI1NiIsInR5cCI6IkpXVCJ9.eyJ0b2tlbl90eXBlIjoicmVmcmVzaCIsImV4cCI6MTc4MTM5NzE0NCwiaWF0IjoxNzgxMzEwNzQ0LCJqdGkiOiIzMzIzZjhlZGQ5YTM0YzkxODQ1MGM5Nzc2NjQyM2NlZCIsInVzZXJfaWQiOiI0In0.aPE8B0PZuSDtISyYp0Z8Gc_mhtT3cqy0LxvUZuJDI7Q",
        "created_at": "2026-06-13T00:32:24.374Z",
        "expires_at": "2026-06-14T00:32:24Z"
    }
},
{
    "model": "token_blacklist.outstandingtoken",
    "pk": 62,
    "fields": {
        "user": [
            "guyasong5@gmail.com"
        ],
        "jti": "03a63863fd214a5c9f981753cbe8f70a",
        "token": "eyJhbGciOiJIUzI1NiIsInR5cCI6IkpXVCJ9.eyJ0b2tlbl90eXBlIjoicmVmcmVzaCIsImV4cCI6MTc4MTM5ODgyNSwiaWF0IjoxNzgxMzEyNDI1LCJqdGkiOiIwM2E2Mzg2M2ZkMjE0YTVjOWY5ODE3NTNjYmU4ZjcwYSIsInVzZXJfaWQiOiI2In0.3Xzx5GoYLmu_JtHLsjSJC7jBgAJyjEil-SNgK64jBkQ",
        "created_at": "2026-06-13T01:00:25.244Z",
        "expires_at": "2026-06-14T01:00:25Z"
    }
},
{
    "model": "token_blacklist.outstandingtoken",
    "pk": 63,
    "fields": {
        "user": [
            "test@gmail.com"
        ],
        "jti": "46094b51bc6e460784b63689edff2dc9",
        "token": "eyJhbGciOiJIUzI1NiIsInR5cCI6IkpXVCJ9.eyJ0b2tlbl90eXBlIjoicmVmcmVzaCIsImV4cCI6MTc4MTQzMDAzOSwiaWF0IjoxNzgxMzQzNjM5LCJqdGkiOiI0NjA5NGI1MWJjNmU0NjA3ODRiNjM2ODllZGZmMmRjOSIsInVzZXJfaWQiOiI3In0.S1ANQD-ep10D92BCV6aoyoq9xQ2FHuVh23VnpqP4hvs",
        "created_at": "2026-06-13T09:40:39.428Z",
        "expires_at": "2026-06-14T09:40:39Z"
    }
},
{
    "model": "token_blacklist.outstandingtoken",
    "pk": 64,
    "fields": {
        "user": [
            "guyasong1@gmail.com"
        ],
        "jti": "01177c1520c841ae9ddc4b0b464290e0",
        "token": "eyJhbGciOiJIUzI1NiIsInR5cCI6IkpXVCJ9.eyJ0b2tlbl90eXBlIjoicmVmcmVzaCIsImV4cCI6MTc4MTQ0Mjg2OCwiaWF0IjoxNzgxMzU2NDY4LCJqdGkiOiIwMTE3N2MxNTIwYzg0MWFlOWRkYzRiMGI0NjQyOTBlMCIsInVzZXJfaWQiOiIxIn0.gaqYHzVqwqdM54_gpRqqhfJhE9VX0dSqhYqtlnjBRuQ",
        "created_at": "2026-06-13T13:14:28.093Z",
        "expires_at": "2026-06-14T13:14:28Z"
    }
},
{
    "model": "token_blacklist.outstandingtoken",
    "pk": 65,
    "fields": {
        "user": [
            "guyasong1@gmail.com"
        ],
        "jti": "480ab319573241fcb1b6b382efbc104d",
        "token": "eyJhbGciOiJIUzI1NiIsInR5cCI6IkpXVCJ9.eyJ0b2tlbl90eXBlIjoicmVmcmVzaCIsImV4cCI6MTc4MTU1MTkzMiwiaWF0IjoxNzgxNDY1NTMyLCJqdGkiOiI0ODBhYjMxOTU3MzI0MWZjYjFiNmIzODJlZmJjMTA0ZCIsInVzZXJfaWQiOiIxIn0.y8VDMI3hkkTOQuSRTi5-anEh2xTIXRNb2c0qFgbb7KM",
        "created_at": "2026-06-14T19:32:12.654Z",
        "expires_at": "2026-06-15T19:32:12Z"
    }
},
{
    "model": "token_blacklist.outstandingtoken",
    "pk": 66,
    "fields": {
        "user": [
            "guyasong2@gmail.com"
        ],
        "jti": "aa9189601d8842e48658a9a7ba674f0b",
        "token": "eyJhbGciOiJIUzI1NiIsInR5cCI6IkpXVCJ9.eyJ0b2tlbl90eXBlIjoicmVmcmVzaCIsImV4cCI6MTc4MTU1MjA2NiwiaWF0IjoxNzgxNDY1NjY2LCJqdGkiOiJhYTkxODk2MDFkODg0MmU0ODY1OGE5YTdiYTY3NGYwYiIsInVzZXJfaWQiOiIyIn0.zY9qBO2PuvBgw3yYhRIGG99XkCljW6q2qJME9wjOaRk",
        "created_at": "2026-06-14T19:34:26.792Z",
        "expires_at": "2026-06-15T19:34:26Z"
    }
},
{
    "model": "token_blacklist.outstandingtoken",
    "pk": 67,
    "fields": {
        "user": [
            "guyasong2@gmail.com"
        ],
        "jti": "82323040f8c0435085fd4fb0b22993b9",
        "token": "eyJhbGciOiJIUzI1NiIsInR5cCI6IkpXVCJ9.eyJ0b2tlbl90eXBlIjoicmVmcmVzaCIsImV4cCI6MTc4MTU1MjU0MywiaWF0IjoxNzgxNDY2MTQzLCJqdGkiOiI4MjMyMzA0MGY4YzA0MzUwODVmZDRmYjBiMjI5OTNiOSIsInVzZXJfaWQiOiIyIn0.azU-dYPY_pq5o2mR6Bbg1GeQDaw1zzwZ3prsbqNYOSM",
        "created_at": "2026-06-14T19:42:23.945Z",
        "expires_at": "2026-06-15T19:42:23Z"
    }
},
{
    "model": "token_blacklist.outstandingtoken",
    "pk": 68,
    "fields": {
        "user": [
            "guyasong2@gmail.com"
        ],
        "jti": "c37865f96c5e455aa88235063b6d0c39",
        "token": "eyJhbGciOiJIUzI1NiIsInR5cCI6IkpXVCJ9.eyJ0b2tlbl90eXBlIjoicmVmcmVzaCIsImV4cCI6MTc4MTU1NDczMCwiaWF0IjoxNzgxNDY4MzMwLCJqdGkiOiJjMzc4NjVmOTZjNWU0NTVhYTg4MjM1MDYzYjZkMGMzOSIsInVzZXJfaWQiOiIyIn0.H3SQTQHQaIQzDDxHxOjzjbwc4Q1JhxOm_k4upbqM2RU",
        "created_at": "2026-06-14T20:18:50.455Z",
        "expires_at": "2026-06-15T20:18:50Z"
    }
},
{
    "model": "token_blacklist.outstandingtoken",
    "pk": 69,
    "fields": {
        "user": [
            "guyasong1@gmail.com"
        ],
        "jti": "2875c3bf169e4c85a03bf87e94cad127",
        "token": "eyJhbGciOiJIUzI1NiIsInR5cCI6IkpXVCJ9.eyJ0b2tlbl90eXBlIjoicmVmcmVzaCIsImV4cCI6MTc4MTU2MjQwMywiaWF0IjoxNzgxNDc2MDAzLCJqdGkiOiIyODc1YzNiZjE2OWU0Yzg1YTAzYmY4N2U5NGNhZDEyNyIsInVzZXJfaWQiOiIxIn0.078MQVs7OhFBaNtCqjmMia7nbBGgF3lWR_BsrkU1uxg",
        "created_at": "2026-06-14T22:26:43.398Z",
        "expires_at": "2026-06-15T22:26:43Z"
    }
},
{
    "model": "token_blacklist.outstandingtoken",
    "pk": 70,
    "fields": {
        "user": [
            "guyasong1@gmail.com"
        ],
        "jti": "aaf2bf23830a49a5b73b4f8a37c148b9",
        "token": "eyJhbGciOiJIUzI1NiIsInR5cCI6IkpXVCJ9.eyJ0b2tlbl90eXBlIjoicmVmcmVzaCIsImV4cCI6MTc4MTU2Mzc3MywiaWF0IjoxNzgxNDc3MzczLCJqdGkiOiJhYWYyYmYyMzgzMGE0OWE1YjczYjRmOGEzN2MxNDhiOSIsInVzZXJfaWQiOiIxIn0.LefrODXp0oHTwUbt-67RQ9Zgq8lxIpxCcX05rE6hujo",
        "created_at": "2026-06-14T22:49:33.742Z",
        "expires_at": "2026-06-15T22:49:33Z"
    }
},
{
    "model": "token_blacklist.outstandingtoken",
    "pk": 71,
    "fields": {
        "user": [
            "guyasong2@gmail.com"
        ],
        "jti": "b245fec7510e4663967f87f28ae4a5a7",
        "token": "eyJhbGciOiJIUzI1NiIsInR5cCI6IkpXVCJ9.eyJ0b2tlbl90eXBlIjoicmVmcmVzaCIsImV4cCI6MTc4MTU2NTMwNywiaWF0IjoxNzgxNDc4OTA3LCJqdGkiOiJiMjQ1ZmVjNzUxMGU0NjYzOTY3Zjg3ZjI4YWU0YTVhNyIsInVzZXJfaWQiOiIyIn0.CzZ8yn9gdCSSmBc544T2VK79gutZu0tRqvVDUIBLKgI",
        "created_at": "2026-06-14T23:15:07.985Z",
        "expires_at": "2026-06-15T23:15:07Z"
    }
},
{
    "model": "admin.logentry",
    "pk": 1,
    "fields": {
        "action_time": "2026-05-29T23:41:46.182Z",
        "user": [
            "guyasong3@gmail.com"
        ],
        "content_type": [
            "authentication",
            "user"
        ],
        "object_id": "1",
        "object_repr": "guyasong1@gmail.com",
        "action_flag": 2,
        "change_message": "[{\"changed\": {\"fields\": [\"Kyc status\", \"Referral bonus\"]}}]"
    }
},
{
    "model": "admin.logentry",
    "pk": 2,
    "fields": {
        "action_time": "2026-05-29T23:48:33.934Z",
        "user": [
            "guyasong3@gmail.com"
        ],
        "content_type": [
            "wallet",
            "wallet"
        ],
        "object_id": "1",
        "object_repr": "Wallet of None",
        "action_flag": 2,
        "change_message": "[]"
    }
},
{
    "model": "admin.logentry",
    "pk": 3,
    "fields": {
        "action_time": "2026-05-29T23:49:37.021Z",
        "user": [
            "guyasong3@gmail.com"
        ],
        "content_type": [
            "wallet",
            "transaction"
        ],
        "object_id": "1",
        "object_repr": "DEPOSIT: 10000 for None",
        "action_flag": 1,
        "change_message": "[{\"added\": {}}]"
    }
},
{
    "model": "admin.logentry",
    "pk": 4,
    "fields": {
        "action_time": "2026-05-29T23:50:18.685Z",
        "user": [
            "guyasong3@gmail.com"
        ],
        "content_type": [
            "wallet",
            "transaction"
        ],
        "object_id": "1",
        "object_repr": "DEPOSIT: 1000000.00 for None",
        "action_flag": 2,
        "change_message": "[{\"changed\": {\"fields\": [\"Amount\"]}}]"
    }
}
]
